{"cameraMode":{"drawMode":0,"name":"Shaded","section":"Shading Mode"},"sceneLighting":false,"audioPlay":false,"sceneViewState":{"showFog":true,"showMaterialUpdate":false,"showSkybox":false,"showFlares":true,"showImageEffects":true,"showParticleSystems":true,"showVisualEffectGraphs":true,"m_FxEnabled":true},"in2DMode":false,"pivot":{"x":-0.8879810571670532,"y":0.1750558316707611,"z":-1.0853509902954102},"rotation":{"x":0.00011580987484194338,"y":0.9531529545783997,"z":0.0027874147053807976,"w":-0.3030412793159485},"size":2.09855318069458,"orthographic":false}