{"cameraMode":{"drawMode":0,"name":"Shaded","section":"Shading Mode"},"sceneLighting":true,"audioPlay":false,"sceneViewState":{"showFog":true,"showMaterialUpdate":false,"showSkybox":true,"showFlares":true,"showImageEffects":true,"showParticleSystems":true,"showVisualEffectGraphs":true,"m_FxEnabled":true},"in2DMode":false,"pivot":{"x":0.262031614780426,"y":0.39580392837524416,"z":-18.783349990844728},"rotation":{"x":-0.1835067719221115,"y":-0.6904159188270569,"z":0.18796749413013459,"w":-0.6740353107452393},"size":0.45000016689300539,"orthographic":false}