{"cameraMode":{"drawMode":0,"name":"Shaded","section":"Shading Mode"},"sceneLighting":true,"audioPlay":false,"sceneViewState":{"showFog":true,"showMaterialUpdate":false,"showSkybox":true,"showFlares":true,"showImageEffects":true,"showParticleSystems":true,"showVisualEffectGraphs":true,"m_FxEnabled":true},"in2DMode":false,"pivot":{"x":40.999332427978519,"y":116.85184478759766,"z":-4.6563262939453129},"rotation":{"x":0.021977249532938005,"y":0.13929793238639832,"z":0.0030620235484093429,"w":-0.9900413155555725},"size":89.0526123046875,"orthographic":false}