{"cameraMode":{"drawMode":0,"name":"Shaded","section":"Shading Mode"},"sceneLighting":true,"audioPlay":false,"sceneViewState":{"showFog":true,"showMaterialUpdate":false,"showSkybox":true,"showFlares":true,"showImageEffects":true,"showParticleSystems":true,"showVisualEffectGraphs":true,"m_FxEnabled":true},"in2DMode":false,"pivot":{"x":-3.394303321838379,"y":4.347227096557617,"z":32.79999923706055},"rotation":{"x":0.027612484991550447,"y":0.9611620903015137,"z":-0.10451195389032364,"w":0.25394195318222048},"size":0.008661031723022461,"orthographic":false}