{"cameraMode":{"drawMode":0,"name":"Shaded","section":"Shading Mode"},"sceneLighting":true,"audioPlay":false,"sceneViewState":{"showFog":true,"showMaterialUpdate":false,"showSkybox":true,"showFlares":true,"showImageEffects":true,"showParticleSystems":true,"showVisualEffectGraphs":true,"m_FxEnabled":true},"in2DMode":false,"pivot":{"x":7.141340255737305,"y":24.57901382446289,"z":3.9980087280273439},"rotation":{"x":0.020456288009881974,"y":0.8403292894363403,"z":-0.03178732469677925,"w":0.5407620072364807},"size":48.591400146484378,"orthographic":false}