{"cameraMode":{"drawMode":0,"name":"Shaded","section":"Shading Mode"},"sceneLighting":true,"audioPlay":false,"sceneViewState":{"showFog":true,"showMaterialUpdate":false,"showSkybox":true,"showFlares":true,"showImageEffects":true,"showParticleSystems":true,"showVisualEffectGraphs":true,"m_FxEnabled":true},"in2DMode":false,"pivot":{"x":-10.714942932128907,"y":19.186290740966798,"z":0.974848747253418},"rotation":{"x":-0.17112861573696137,"y":0.09648473560810089,"z":-0.016828520223498346,"w":-0.9803889393806458},"size":80.62310791015625,"orthographic":false}