{"cameraMode":{"drawMode":0,"name":"Shaded","section":"Shading Mode"},"sceneLighting":false,"audioPlay":false,"sceneViewState":{"showFog":true,"showMaterialUpdate":false,"showSkybox":false,"showFlares":true,"showImageEffects":true,"showParticleSystems":true,"showVisualEffectGraphs":true,"m_FxEnabled":true},"in2DMode":false,"pivot":{"x":9.5367431640625e-7,"y":0.0000019073486328125,"z":73.69999694824219},"rotation":{"x":-0.020381031557917596,"y":-0.6648243069648743,"z":0.018175551667809488,"w":-0.746590793132782},"size":14.177450180053711,"orthographic":false}